{"site_name":"JA Purity IV","site_slogan":"Best Free Joomla Template","site_logo":"images\/joomlart\/logo.png#joomlaImage:\/\/local-images\/joomlart\/logo.png?width=176&height=64","site_logo_dark":"images\/joomlart\/logo-w.png#joomlaImage:\/\/local-images\/joomlart\/logo-w.png?width=176&height=64","site_logo_small":"","site_logo_dark_small":"","dont_use_google_font":false,"body_font_load_weights":"400,500,600,700","body_font_family":"Karla","body_font_style":"normal","body_font_weight":"400","body_font_size":"16px","body_line_height":"1.5","letter_spacing":"0px","heading_typo_onoff":true,"heading_font_load_weights":"300,400,500,600,700,800","heading_font_family":"Public Sans","heading_font_style":"normal","heading_font_weight":"500","heading_line_height":"1.3","heading_letter_spacing":"0","h1_font_size":"40px","h2_font_size":"32px","h3_font_size":"24px","h4_font_size":"18px","h5_font_size":"16px","h6_font_size":"14px","megamenu_typo_onoff":false,"megamenu_font_load_weights":"","megamenu_font_family":"","megamenu_font_style":"inherit","megamenu_font_weight":"","megamenu_font_size":"","megamenu_line_height":"","megamenu_letter_spacing":"","body_bg_img":"","body_bg_img_repeat":"repeat","body_bg_img_size":"","body_bg_img_attachment":"scroll","body_bg_img_position":"left top","author_position":"before_content","author_link":"1","author_show_avatar":true,"other_faviconFile":"","other_backToTop":true,"other_darkmode":true,"other_default_theme":"light-active","show_addthis":"0"}