<?xml version="1.0" encoding="utf-8"?>
<form>
    <title>Features Intro Style 2</title>
	<sampledata></sampledata>
	<fields name="features-intro">
		<fieldset name="basic" label="FEATURES_BASIC_LABEL" description="FEATURES_BASIC_DESC">
			<field name="columns" type="list" label="FEATURES_COLUMNS_LABEL" description="FEATURES_COLUMNS_DESC" >
				<option value="1">1</option>
				<option value="2">2</option>
				<option value="3">3</option>
				<option value="4">4</option>
			</field>

			<field name="align" type="list" default="left" label="FEATURES_ALIGN_LABEL" description="FEATURES_ALIGN_DESC" >
				<option value="left">Left</option>
				<option value="center">Center</option>
			</field>
		</fieldset>
			
		<fieldset name="section-features" label="FEATURES_SECTION_LABEL" description="FEATURES_SECTION_DESC" multiple="1">
			<field name="intro-img" type="media" default="" label="FEATURES_INTRO_MEDIA_LABEL" description="FEATURES_INTRO_MEDIA_DESC" />
			
			<field name="bg-content" type="list" default="default" label="FEATURES_BACKGROUND_CONTENT_LABEL" description="FEATURES_BACKGROUND_CONTENT_DESC" >
				<option value="default">Default</option>
				<option value="primary">Primary</option>
				<option value="secondary">Secondary</option>
				<option value="light">Light</option>
				<option value="info">Info</option>
				<option value="purple">Purple</option>
				<option value="dark">Dark</option>
			</field>

			<field name="title" type="text" default="" size="40" label="FEATURES_TITLE_LABEL" description="FEATURES_TITLE_DESC" required="1" />
			<field name="description" type="textarea" default="" label="FEATURES_DESCRIPTION_LABEL" description="FEATURES_DESCRIPTION_DESC" rows="5" cols="40" />

		</fieldset>
		
  </fields>
</form>