<?xml version="1.0" encoding="utf-8"?>
<form>
    <title>Features Intro Style 1</title>
	<sampledata></sampledata>
	<fields name="features-intro">
		<fieldset name="basic" label="FEATURES_BASIC_LABEL" description="FEATURES_BASIC_DESC">
			<field name="intro-img" type="media" default="" label="FEATURES_INTRO_MEDIA_LABEL" description="FEATURES_INTRO_MEDIA_DESC" />
			<field name="bg-ratio" type="list" default="primary" label="FEATURES_INTRO_MEDIA_RADIO_LABEL" description="FEATURES_INTRO_MEDIA_RADIO_DESC" >
				<option value="1">Radio 1:1</option>
				<option value="2">Radio 2:3</option>
			</field>

			<field name="bg-content" type="list" default="primary" label="FEATURES_BACKGROUND_CONTENT_LABEL" description="FEATURES_BACKGROUND_CONTENT_DESC" >
				<option value="white">White</option>
				<option value="primary">Primary</option>
				<option value="secondary">Secondary</option>
				<option value="success">Success</option>
				<option value="info">Info</option>
				<option value="purple">Purple</option>
				<option value="dark">Dark</option>
			</field>

			<field name="align-media" type="list" default="left" label="FEATURES_ALIGN_MEDIA_LABEL" description="FEATURES_ALIGN_MEDIA_DESC" >
				<option value="left">Left</option>
				<option value="right">Right</option>
			</field>
			<field name="info-desc" type="textarea" default="" label="FEATURES_INFO_DESC_LABEL" description="FEATURES_INFO_DESC_DESC" />

			<field name="button" type="text" default="" label="FEATURES_BUTTON" description="FEATURES_BUTTON_DES"/>
			<field name="btn-link" type="text" default="" label="FEATURES_BUTTON_LINK" description="FEATURES_BUTTON_LINK_DES"/>
			<field name="btn-type" type="list" default="" label="FEATURES_BUTTON_TYPE" description="FEATURES_BUTTON_TYPE_DES">
				<option value="primary">Primary</option>
				<option value="secondary">Secondary</option>
				<option value="success">Success</option>
				<option value="light">Light</option>
				<option value="outline-light">Outline Light</option>
				<option value="dark">Dark</option>
				<option value="outline-dark">Outline Dark</option>
			</field>
		</fieldset>

		<fieldset name="section-features" label="FEATURES_SECTION_LABEL" description="FEATURES_SECTION_DESC" multiple="1">
			<field name="icon" type="text" default="" label="FEATURES_ICON_LABEL" description="FEATURES_ICON_DESC" required="1" />
			<field name="title" type="text" default="" size="40" label="FEATURES_TITLE_LABEL" description="FEATURES_TITLE_DESC" required="1" />
			
			<field name="description" type="textarea" default="" label="FEATURES_DESCRIPTION_LABEL" description="FEATURES_DESCRIPTION_DESC" rows="5" cols="40" />
		</fieldset>
  </fields>
</form>