<?xml version="1.0" encoding="utf-8"?>
<form>
    <title>Features Intro Style 4</title>
	<sampledata></sampledata>
	<fields name="features-intro">
		<fieldset name="info" label="FEATURES_BASIC_LABEL" description="FEATURES_BASIC_DESC" multiple="1">
			<field name="intro-img" type="media" default="" label="FEATURES_INTRO_MEDIA_LABEL" description="FEATURES_INTRO_MEDIA_DESC" />
			<field name="align-media" type="list" default="left" label="FEATURES_ALIGN_MEDIA_LABEL" description="FEATURES_ALIGN_MEDIA_DESC" >
				<option value="left">Left</option>
				<option value="right">Right</option>
			</field>
			<field name="info-title" type="textarea" default="" label="FEATURES_TITLE_DESC_LABEL" description="FEATURES_TITLE_DESC_DESC" />
			<field name="sub-title" type="textarea" default="" label="FEATURES_SUB_TITLE_LABEL" description="FEATURES_SUB_TITLE_DESC" />
			<field name="info-desc" type="textarea" default="" label="FEATURES_INFO_DESC_LABEL" description="FEATURES_INFO_DESC_DESC" />

			<field name="button" type="text" default="" label="FEATURES_BUTTON" description="FEATURES_BUTTON_DES"/>
			<field name="btn-link" type="text" default="" label="FEATURES_BUTTON_LINK" description="FEATURES_BUTTON_LINK_DES"/>
			<field name="btn-type" type="list" default="" label="FEATURES_BUTTON_TYPE" description="FEATURES_BUTTON_TYPE_DES">
				<option value="primary">Primary</option>
				<option value="secondary">Secondary</option>
				<option value="success">Success</option>
				<option value="light">Light</option>
				<option value="outline-light">Outline Light</option>
				<option value="dark">Dark</option>
				<option value="outline-dark">Outline Dark</option>
			</field>
		</fieldset>
  </fields>
</form>