{"logo_type":"text","logo_image":"images\/logo.png","retina_logo":"","mobile_logo":"","logo_alt":"","logo_height":"45px","logo_height_sm":"","logo_height_xs":"","logo_text":"LT FISCAL","logo_slogan":"","favicon":"images\/favicon.ico","predefined_header":"1","header_style":"style-1","header_height":"80px","header_height_sm":"50px","header_height_xs":"40px","sticky_header":"1","sticky_offset":"","loader_type":"circle","body_bg_image":"","body_bg_repeat":"inherit","body_bg_position":"0 0","body_bg_size":"inherit","body_bg_attachment":"inherit","enabled_copyright":"1","copyright_position":"footer1","copyright_load_pos":"default","copyright":"<div align=\"center\">Copyright \u00a9<a target=\"_blank\" title=\"Free Joomla! 4 templates\" href=\"https:\/\/ltheme.com\/joomla-templates\/\" rel=\"author nofollow\">Free Joomla! 4 templates<\/a> \/ Design by <a target=\"_blank\" href=\"https:\/\/ltheme.com\" title=\"Joomla template provider\" rel=\"author nofollow\">LTheme<\/a><\/div>","goto_top":"1","show_social_icons":"1","social_position":"top1","social_load_pos":"after","facebook":"#","twitter":"#","pinterest":"#","linkedin":"#","dribbble":"","instagram":"#","behance":"","youtube":"#","flickr":"#","skype":"","whatsapp":"","vk":"","custom":"","contactinfo":"1","contact_position":"top2","contact_load_pos":"default","contact_phone":"+228 872 4444","contact_mobile":"+88 00 111 222 33","contact_email":"j4admin@happyworks","contact_time":"","comingsoon_title":"Coming Soon Title","comingsoon_content":"Coming soon content","comingsoon_date":"10-10-2021","comingsoon_logo":"","comingsoon_bg_image":"","error_logo":"","error_bg":"","presets-data":"{\"preset1\":{\"label\":\"Preset 1\",\"default\":\"#0345BF\",\"description\":\"\",\"data\":{\"text_color\":\"#252525\",\"bg_color\":\"#FFFFFF\",\"link_color\":\"#0345BF\",\"link_hover_color\":\"#044CD0\",\"header_bg_color\":\"#FFFFFF\",\"topbar_bg_color\":\"#3b3e79\",\"topbar_text_color\":\"#ffffff\",\"logo_text_color\":\"#0345BF\",\"menu_text_color\":\"#252525\",\"menu_text_hover_color\":\"#0345BF\",\"menu_text_active_color\":\"#0345BF\",\"menu_dropdown_bg_color\":\"#FFFFFF\",\"menu_dropdown_text_color\":\"#252525\",\"menu_dropdown_text_hover_color\":\"#0345BF\",\"menu_dropdown_text_active_color\":\"#0345BF\",\"footer_bg_color\":\"#3b3e79\",\"footer_text_color\":\"#FFFFFF\",\"footer_link_color\":\"#0345bf\",\"footer_link_hover_color\":\"#FFFFFF\"}},\"preset2\":{\"label\":\"Preset 2\",\"default\":\"#ec430f\",\"description\":\"\",\"data\":{\"text_color\":\"#252525\",\"bg_color\":\"#FFFFFF\",\"link_color\":\"#ec430f\",\"link_hover_color\":\"#044CD0\",\"header_bg_color\":\"#FFFFFF\",\"topbar_bg_color\":\"#3b3e79\",\"topbar_text_color\":\"#ffffff\",\"logo_text_color\":\"#ec430f\",\"menu_text_color\":\"#252525\",\"menu_text_hover_color\":\"#ec430f\",\"menu_text_active_color\":\"#ec430f\",\"menu_dropdown_bg_color\":\"#FFFFFF\",\"menu_dropdown_text_color\":\"#252525\",\"menu_dropdown_text_hover_color\":\"#ec430f\",\"menu_dropdown_text_active_color\":\"#ec430f\",\"footer_bg_color\":\"#3b3e79\",\"footer_text_color\":\"#FFFFFF\",\"footer_link_color\":\"#ec430f\",\"footer_link_hover_color\":\"#FFFFFF\"}},\"preset3\":{\"label\":\"Preset 3\",\"default\":\"#0fa89d\",\"description\":\"\",\"data\":{\"text_color\":\"#252525\",\"bg_color\":\"#FFFFFF\",\"link_color\":\"#0fa89d\",\"link_hover_color\":\"#044CD0\",\"header_bg_color\":\"#FFFFFF\",\"topbar_bg_color\":\"#3b3e79\",\"topbar_text_color\":\"#ffffff\",\"logo_text_color\":\"#0fa89d\",\"menu_text_color\":\"#252525\",\"menu_text_hover_color\":\"#0fa89d\",\"menu_text_active_color\":\"#0fa89d\",\"menu_dropdown_bg_color\":\"#FFFFFF\",\"menu_dropdown_text_color\":\"#252525\",\"menu_dropdown_text_hover_color\":\"#0fa89d\",\"menu_dropdown_text_active_color\":\"#0fa89d\",\"footer_bg_color\":\"#3b3e79\",\"footer_text_color\":\"#FFFFFF\",\"footer_link_color\":\"#0fa89d\",\"footer_link_hover_color\":\"#FFFFFF\"}},\"preset4\":{\"label\":\"Preset 4\",\"default\":\"#4943ac\",\"description\":\"\",\"data\":{\"text_color\":\"#252525\",\"bg_color\":\"#FFFFFF\",\"link_color\":\"#4943ac\",\"link_hover_color\":\"#044CD0\",\"header_bg_color\":\"#FFFFFF\",\"topbar_bg_color\":\"#3b3e79\",\"topbar_text_color\":\"#ffffff\",\"logo_text_color\":\"#4943ac\",\"menu_text_color\":\"#252525\",\"menu_text_hover_color\":\"#4943ac\",\"menu_text_active_color\":\"#4943ac\",\"menu_dropdown_bg_color\":\"#FFFFFF\",\"menu_dropdown_text_color\":\"#252525\",\"menu_dropdown_text_hover_color\":\"#4943ac\",\"menu_dropdown_text_active_color\":\"#4943ac\",\"footer_bg_color\":\"#3b3e79\",\"footer_text_color\":\"#FFFFFF\",\"footer_link_color\":\"#ffffff\",\"footer_link_hover_color\":\"#FFFFFF\"}},\"preset5\":{\"label\":\"Preset 5\",\"default\":\"#00aeef\",\"description\":\"\",\"data\":{\"text_color\":\"#252525\",\"bg_color\":\"#FFFFFF\",\"link_color\":\"#00aeef\",\"link_hover_color\":\"#044CD0\",\"header_bg_color\":\"#FFFFFF\",\"topbar_bg_color\":\"#3b3e79\",\"topbar_text_color\":\"#ffffff\",\"logo_text_color\":\"#00aeef\",\"menu_text_color\":\"#252525\",\"menu_text_hover_color\":\"#00aeef\",\"menu_text_active_color\":\"#00aeef\",\"menu_dropdown_bg_color\":\"#FFFFFF\",\"menu_dropdown_text_color\":\"#252525\",\"menu_dropdown_text_hover_color\":\"#00aeef\",\"menu_dropdown_text_active_color\":\"#00aeef\",\"footer_bg_color\":\"#3b3e79\",\"footer_text_color\":\"#FFFFFF\",\"footer_link_color\":\"#00aeef\",\"footer_link_hover_color\":\"#FFFFFF\"}},\"preset6\":{\"label\":\"Preset 6\",\"default\":\"#f68e13\",\"description\":\"\",\"data\":{\"text_color\":\"#252525\",\"bg_color\":\"#FFFFFF\",\"link_color\":\"#f68e13\",\"link_hover_color\":\"#044CD0\",\"header_bg_color\":\"#FFFFFF\",\"topbar_bg_color\":\"#3b3e79\",\"topbar_text_color\":\"#ffffff\",\"logo_text_color\":\"#f68e13\",\"menu_text_color\":\"#252525\",\"menu_text_hover_color\":\"#f68e13\",\"menu_text_active_color\":\"#f68e13\",\"menu_dropdown_bg_color\":\"#FFFFFF\",\"menu_dropdown_text_color\":\"#252525\",\"menu_dropdown_text_hover_color\":\"#f68e13\",\"menu_dropdown_text_active_color\":\"#f68e13\",\"footer_bg_color\":\"#3b3e79\",\"footer_text_color\":\"#FFFFFF\",\"footer_link_color\":\"#f68e13\",\"footer_link_hover_color\":\"#FFFFFF\"}},\"preset7\":{\"label\":\"Preset 7\",\"default\":\"#2ba84a\",\"description\":\"\",\"data\":{\"text_color\":\"#252525\",\"bg_color\":\"#FFFFFF\",\"link_color\":\"#2ba84a\",\"link_hover_color\":\"#044CD0\",\"header_bg_color\":\"#FFFFFF\",\"topbar_bg_color\":\"#3b3e79\",\"topbar_text_color\":\"#ffffff\",\"logo_text_color\":\"#2ba84a\",\"menu_text_color\":\"#252525\",\"menu_text_hover_color\":\"#2ba84a\",\"menu_text_active_color\":\"#2ba84a\",\"menu_dropdown_bg_color\":\"#FFFFFF\",\"menu_dropdown_text_color\":\"#252525\",\"menu_dropdown_text_hover_color\":\"#2ba84a\",\"menu_dropdown_text_active_color\":\"#2ba84a\",\"footer_bg_color\":\"#3b3e79\",\"footer_text_color\":\"#FFFFFF\",\"footer_link_color\":\"#2ba84a\",\"footer_link_hover_color\":\"#FFFFFF\"}},\"preset8\":{\"label\":\"Preset 8\",\"default\":\"#ed145b\",\"description\":\"\",\"data\":{\"text_color\":\"#252525\",\"bg_color\":\"#FFFFFF\",\"link_color\":\"#ed145b\",\"link_hover_color\":\"#044CD0\",\"header_bg_color\":\"#FFFFFF\",\"topbar_bg_color\":\"#3b3e79\",\"topbar_text_color\":\"#ffffff\",\"logo_text_color\":\"#ed145b\",\"menu_text_color\":\"#252525\",\"menu_text_hover_color\":\"#ed145b\",\"menu_text_active_color\":\"#ed145b\",\"menu_dropdown_bg_color\":\"#FFFFFF\",\"menu_dropdown_text_color\":\"#252525\",\"menu_dropdown_text_hover_color\":\"#ed145b\",\"menu_dropdown_text_active_color\":\"#ed145b\",\"footer_bg_color\":\"#3b3e79\",\"footer_text_color\":\"#FFFFFF\",\"footer_link_color\":\"#ed145b\",\"footer_link_hover_color\":\"#FFFFFF\"}}}","preset":"{\"footer_link_hover_color\":\"#FFFFFF\",\"footer_link_color\":\"#f68e13\",\"footer_text_color\":\"#FFFFFF\",\"footer_bg_color\":\"#3b3e79\",\"menu_dropdown_text_active_color\":\"#f68e13\",\"menu_dropdown_text_hover_color\":\"#f68e13\",\"menu_dropdown_text_color\":\"#252525\",\"menu_dropdown_bg_color\":\"#FFFFFF\",\"menu_text_active_color\":\"#f68e13\",\"menu_text_hover_color\":\"#f68e13\",\"menu_text_color\":\"#252525\",\"logo_text_color\":\"#f68e13\",\"topbar_text_color\":\"#ffffff\",\"topbar_bg_color\":\"#3b3e79\",\"header_bg_color\":\"#FFFFFF\",\"link_hover_color\":\"#044CD0\",\"link_color\":\"#f68e13\",\"bg_color\":\"#FFFFFF\",\"text_color\":\"#252525\",\"preset\":\"preset6\"}","topbar_bg_color":"#333333","topbar_text_color":"#aaaaaa","header_bg_color":"#ffffff","logo_text_color":"#0345bf","menu_text_color":"#252525","menu_text_hover_color":"#0345bf","menu_text_active_color":"#0345bf","menu_dropdown_bg_color":"#ffffff","menu_dropdown_text_color":"#252525","menu_dropdown_text_hover_color":"#0345bf","menu_dropdown_text_active_color":"#0345bf","text_color":"#252525","bg_color":"#ffffff","link_color":"#0345bf","link_hover_color":"#044cd0","footer_bg_color":"#171717","footer_text_color":"#ffffff","footer_link_color":"#a2a2a2","footer_link_hover_color":"#ffffff","name":"","custom_class":"","padding":"","margin":"","layout":"[{\"type\":\"row\",\"layout\":12,\"settings\":{\"hide_on_desktop\":0,\"hide_on_small_desktop\":0,\"hide_on_tablet\":0,\"hide_on_large_phone\":0,\"hide_on_phone\":0,\"background_position\":\"\",\"background_attachment\":\"\",\"background_size\":\"\",\"background_repeat\":\"\",\"background_image\":\"\",\"background_color\":\"\",\"link_hover_color\":\"\",\"link_color\":\"\",\"color\":\"\",\"margin\":\"\",\"padding\":\"\",\"custom_class\":\"\",\"fluidrow\":1,\"name\":\"Page Title\"},\"attr\":[{\"type\":\"sp_col\",\"settings\":{\"hide_on_desktop\":0,\"hide_on_small_desktop\":0,\"hide_on_tablet\":0,\"hide_on_large_phone\":0,\"hide_on_phone\":0,\"xs_col\":\"\",\"sm_col\":\"\",\"md_col\":\"\",\"lg_col\":\"\",\"xl_col\":\"\",\"custom_class\":\"\",\"name\":\"title\",\"column_type\":0,\"grid_size\":12}}]},{\"type\":\"row\",\"layout\":\"4+4+4\",\"settings\":{\"name\":\"Main Body\",\"background_color\":\"\",\"color\":\"\",\"link_color\":\"\",\"link_hover_color\":\"\",\"hidden_xs\":0,\"hidden_sm\":0,\"hidden_md\":0,\"padding\":\"\",\"margin\":\"\",\"fluidrow\":0,\"custom_class\":\"\"},\"attr\":[{\"type\":\"sp_col\",\"settings\":{\"hidden_md\":0,\"hidden_sm\":0,\"hidden_xs\":0,\"grid_size\":4,\"xs_col\":\"\",\"sm_col\":\"\",\"custom_class\":\"\",\"name\":\"left\",\"column_type\":0}},{\"type\":\"sp_col\",\"settings\":{\"grid_size\":4,\"hidden_md\":0,\"hidden_sm\":0,\"hidden_xs\":0,\"sortableitem\":\"[object Object]\",\"xs_col\":\"\",\"sm_col\":\"\",\"custom_class\":\"\",\"column_type\":1}},{\"type\":\"sp_col\",\"settings\":{\"hidden_md\":0,\"hidden_sm\":0,\"hidden_xs\":0,\"grid_size\":4,\"xs_col\":\"\",\"sm_col\":\"\",\"custom_class\":\"\",\"name\":\"right\",\"column_type\":0}}]},{\"type\":\"row\",\"layout\":\"3+3+3+3\",\"settings\":{\"hidden_xs\":0,\"hidden_sm\":0,\"hidden_md\":0,\"name\":\"Bottom\",\"fluidrow\":0,\"custom_class\":\"\",\"padding\":\"\",\"margin\":\"\",\"color\":\"\",\"link_color\":\"\",\"link_hover_color\":\"\",\"background_color\":\"\",\"background_image\":\"\",\"background_repeat\":\"\",\"background_size\":\"\",\"background_attachment\":\"\",\"background_position\":\"\",\"hide_on_phone\":0,\"hide_on_large_phone\":0,\"hide_on_tablet\":0,\"hide_on_small_desktop\":0,\"hide_on_desktop\":0},\"attr\":[{\"type\":\"sp_col\",\"settings\":{\"grid_size\":3,\"custom_class\":\"\",\"xs_col\":\"\",\"sm_col\":\"col-sm-6\",\"hidden_md\":0,\"hidden_sm\":0,\"hidden_xs\":0,\"name\":\"bottom1\",\"column_type\":0,\"sortableitem\":\"[object Object]\"}},{\"type\":\"sp_col\",\"settings\":{\"grid_size\":3,\"column_type\":0,\"name\":\"bottom2\",\"hidden_xs\":0,\"hidden_sm\":0,\"hidden_md\":0,\"sm_col\":\"col-sm-6\",\"xs_col\":\"\",\"custom_class\":\"\",\"sortableitem\":\"[object Object]\"}},{\"type\":\"sp_col\",\"settings\":{\"column_type\":0,\"name\":\"bottom3\",\"custom_class\":\"\",\"xl_col\":\"\",\"md_col\":\"\",\"sm_col\":\"\",\"xs_col\":\"\",\"hide_on_phone\":0,\"hide_on_large_phone\":0,\"hide_on_tablet\":0,\"hide_on_small_desktop\":0,\"hide_on_desktop\":0,\"grid_size\":3}},{\"type\":\"sp_col\",\"settings\":{\"column_type\":0,\"name\":\"bottom4\",\"custom_class\":\"\",\"xl_col\":\"\",\"md_col\":\"\",\"sm_col\":\"\",\"xs_col\":\"\",\"hide_on_phone\":0,\"hide_on_large_phone\":0,\"hide_on_tablet\":0,\"hide_on_small_desktop\":0,\"hide_on_desktop\":0,\"grid_size\":3}}]},{\"type\":\"row\",\"layout\":\"6+6\",\"settings\":{\"hidden_md\":0,\"hidden_sm\":0,\"hidden_xs\":0,\"name\":\"Footer\",\"fluidrow\":0,\"custom_class\":\"\",\"padding\":\"\",\"margin\":\"\",\"color\":\"\",\"link_color\":\"\",\"link_hover_color\":\"\",\"background_color\":\"\",\"background_image\":\"\",\"background_repeat\":\"\",\"background_size\":\"\",\"background_attachment\":\"\",\"background_position\":\"\",\"hide_on_phone\":0,\"hide_on_large_phone\":0,\"hide_on_tablet\":0,\"hide_on_small_desktop\":0,\"hide_on_desktop\":0},\"attr\":[{\"type\":\"sp_col\",\"settings\":{\"custom_class\":\"\",\"xs_col\":\"\",\"sm_col\":\"\",\"hidden_md\":0,\"hidden_sm\":0,\"hidden_xs\":0,\"name\":\"footer1\",\"column_type\":0,\"grid_size\":6,\"sortableitem\":\"[object Object]\"}},{\"type\":\"sp_col\",\"settings\":{\"custom_class\":\"\",\"xs_col\":\"\",\"sm_col\":\"\",\"hidden_md\":0,\"hidden_sm\":0,\"hidden_xs\":0,\"name\":\"footer2\",\"column_type\":0,\"grid_size\":6}}]}]","menu":"mainmenu","menu_type":"mega_offcanvas","dropdown_width":"180px","menu_animation":"menu-animation-fade-up","offcanvas_position":"right","offcanvas_style":"1-LeftAlign","offcanvas_menu":"mainmenu","offcanvas_max_level":"0","offcanvas_enable_search":"1","enable_body_font":"1","hu-webfont-size-field":"","hu-webfont-size-field-sm":"","hu-webfont-size-field-xs":"","hu-font-letter-spacing-input":"","body_font":"{\"fontFamily\":\"Montserrat\",\"fontSize\":\"16px\",\"fontSize_sm\":\"14px\",\"fontSize_xs\":\"13px\",\"fontWeight\":\"\",\"fontSubset\":\"cyrillic\",\"fontColor\":\"\",\"fontLineHeight\":\"1.56\",\"fontLetterSpacing\":\"\",\"textDecoration\":\"none\",\"textAlign\":\"\"}","h1_font":"{\"fontFamily\":\"Overlock SC\",\"fontSize\":\"\",\"fontSize_sm\":\"\",\"fontSize_xs\":\"\",\"fontWeight\":\"\",\"fontSubset\":\"latin\",\"fontColor\":\"\",\"fontLineHeight\":\"\",\"fontLetterSpacing\":\"\",\"textDecoration\":\"none\",\"textAlign\":\"\"}","h2_font":"{\"fontFamily\":\"Noto Sans\",\"fontSize\":\"\",\"fontSize_sm\":\"\",\"fontSize_xs\":\"\",\"fontWeight\":\"\",\"fontSubset\":\"latin\",\"fontColor\":\"\",\"fontLineHeight\":\"\",\"fontLetterSpacing\":\"\",\"textDecoration\":\"none\",\"textAlign\":\"\"}","h3_font":"{\"fontFamily\":\"Noto Sans\",\"fontSize\":\"\",\"fontSize_sm\":\"\",\"fontSize_xs\":\"\",\"fontWeight\":\"\",\"fontSubset\":\"latin\",\"fontColor\":\"\",\"fontLineHeight\":\"\",\"fontLetterSpacing\":\"\",\"textDecoration\":\"none\",\"textAlign\":\"\"}","h4_font":"{\"fontFamily\":\"Noto Sans\",\"fontSize\":\"\",\"fontSize_sm\":\"\",\"fontSize_xs\":\"\",\"fontWeight\":\"\",\"fontSubset\":\"latin\",\"fontColor\":\"\",\"fontLineHeight\":\"\",\"fontLetterSpacing\":\"\",\"textDecoration\":\"none\",\"textAlign\":\"\"}","h5_font":"{\"fontFamily\":\"Open Sans\",\"fontSize\":\"\",\"fontSize_sm\":\"\",\"fontSize_xs\":\"\",\"fontWeight\":\"\",\"fontSubset\":\"latin\",\"fontColor\":\"\",\"fontLineHeight\":\"\",\"fontLetterSpacing\":\"\",\"textDecoration\":\"none\",\"textAlign\":\"\"}","h6_font":"{\"fontFamily\":\"Open Sans\",\"fontSize\":\"\",\"fontSize_sm\":\"\",\"fontSize_xs\":\"\",\"fontWeight\":\"\",\"fontSubset\":\"latin\",\"fontColor\":\"\",\"fontLineHeight\":\"\",\"fontLetterSpacing\":\"\",\"textDecoration\":\"none\",\"textAlign\":\"\"}","enable_navigation_font":"1","navigation_font":"{\"fontFamily\":\"Montserrat\",\"fontSize\":\"14px\",\"fontSize_sm\":\"\",\"fontSize_xs\":\"\",\"fontWeight\":\"700\",\"fontSubset\":\"cyrillic\",\"fontColor\":\"\",\"fontLineHeight\":\"\",\"fontLetterSpacing\":\"\",\"textDecoration\":\"none\",\"textAlign\":\"\"}","enable_custom_font":"1","custom_font":"{\"fontFamily\":\"Montserrat\",\"fontSize\":\"\",\"fontSize_sm\":\"\",\"fontSize_xs\":\"\",\"fontWeight\":\"\",\"fontSubset\":\"cyrillic\",\"fontColor\":\"\",\"fontLineHeight\":\"\",\"fontLetterSpacing\":\"\",\"textDecoration\":\"none\",\"textAlign\":\"\"}","custom_font_selectors":"","image_thumbnail_size":"180x200","image_small_size":"180x200","image_medium_size":"180x200","image_large_size":"180x200","image_crop_quality":"100","blog_list_image":"large","leading_blog_list_image":"large","blog_details_image":"large","social_share":"1","social_share_lists":["facebook","twitter","linkedin"],"og_fb_id":"","og_twitter_site":"","reading_time_progress":"1","reading_timeline_bg":"#0345bf","reading_timeline_height":"5px","reading_timeline_position":"top","related_article":"1","related_article_title":"Related Articles","related_article_limit":"3","related_article_view_type":"thumb","comment":"disabled","comment_disqus_subdomain":"","comment_intensedebate_acc":"","comment_facebook_app_id":"","comment_facebook_width":"100","comment_facebook_number":"10","before_head":"","after_body":"","before_body":"","custom_css":"","custom_js":"","exclude_js":"","scssoption":"1","enable_fontawesome":"1","gfont_api":"","ga_code":"","ga_tracking_method":"gst","id":"12","template":"lt_fiscal","client_id":"0","home":"1","title":"lt_fiscal - Default"}