{"layout":{"sections":[{"contents":[{"type":"block","name":"topbar","col":"auto","xl":"","lg":"","md":"","sm":"","xs":"","hidden_lg":"","hidden_xl":"","hidden_md":"","hidden_sm":"","hidden_xs":"","style":"no","extra_class":"","extra_params":"","element":null,"block":"topbar","positions":"topbar-l","module":null,"device":"def","title":"","modname":"","idx":0}],"opacity":0.5,"file_ogg":"","file_webm":"","file_mp4":"","file_cover":"","video_id":"","video_type":null,"background_position":null,"background_attachment":null,"background_size":null,"background_repeat":null,"background_image":"","overlay_type":"","color_pattern":"","sticky":"","extra_class":"","margin":"","padding":"","cols":2,"container":"","name":"Topbar","margin_xs":"","margin_sm":"","margin_md":"","margin_lg":"","margin_xl":"","padding_xs":"","padding_sm":"","padding_md":"","padding_lg":"","padding_xl":"","layout":"auto","sectionid":1},{"contents":[{"type":"block","name":"header-2","col":12,"xl":"","lg":"","md":"","sm":"","xs":"","hidden_lg":"","hidden_xl":"","hidden_md":"","hidden_sm":"","hidden_xs":"","style":null,"extra_class":"","extra_params":"","title":"","element":null,"block":"header-2","positions":"","module":null,"device":"def","modname":"","idx":0}],"margin_xs":"","margin_sm":"","margin_md":"","margin_lg":"","margin_xl":"","padding_xs":"","padding_sm":"","padding_md":"","padding_lg":"","padding_xl":"","sectionid":1,"layout":12,"name":"Header","container":"none","cols":1,"padding":"","margin":"","extra_class":"","sticky":"","color_pattern":"","overlay_type":"","background_image":"","background_repeat":null,"background_size":null,"background_attachment":null,"background_position":null,"video_type":null,"video_id":"","file_cover":"","file_mp4":"","file_webm":"","file_ogg":"","opacity":0.5},{"contents":[{"type":"element","name":"masthead","col":12,"xl":"","lg":"","md":"","sm":"","xs":"","hidden_lg":"","hidden_xl":"","hidden_md":"","hidden_sm":"","hidden_xs":"","style":"","extra_class":"text-center","extra_params":"","modname":"","title":"","device":"def","element":"masthead","block":"","positions":"","module":"","idx":0}],"margin_xs":"","margin_sm":"","margin_md":"","margin_lg":"","margin_xl":"","padding_xs":"","padding_sm":"","padding_md":"","padding_lg":"","padding_xl":"","type":"row","layout":12,"sectionid":1,"name":"Masthead","container":"none","cols":1,"padding":"","margin":"","extra_class":"","sticky":"","color_pattern":"","overlay_type":"","background_image":"","background_repeat":null,"background_size":null,"background_attachment":null,"background_position":null,"video_type":null,"video_id":"","file_cover":"","file_mp4":"","file_webm":"","file_ogg":"","opacity":0.5},{"contents":[{"type":"positions","name":"breadcrumbs","col":12,"xl":"","lg":"","md":"","sm":"","xs":"","hidden_lg":"","hidden_xl":"","hidden_md":"","hidden_sm":"","hidden_xs":"","style":"no","extra_class":"","extra_params":"","element":null,"block":null,"positions":"breadcrumbs","module":"Breadcrumbs","title":"","modname":"","device":"xs","idx":0}],"type":"row","layout":12,"sectionid":1,"name":"Breadcrumbs","container":"","cols":1,"padding":"","margin":"","extra_class":"","sticky":"","color_pattern":"","overlay_type":"","background_image":"","background_repeat":null,"background_size":null,"background_attachment":null,"background_position":null,"video_type":null,"video_id":"","file_cover":"","file_mp4":"","file_webm":"","file_ogg":"","opacity":0.5},{"contents":[{"type":"positions","name":"main-top-1","col":12,"xl":"","lg":"","md":"","sm":"","xs":"","hidden_lg":"","hidden_xl":"","hidden_md":"","hidden_sm":"","hidden_xs":"","style":null,"extra_class":"","extra_params":"","device":"def","element":null,"block":null,"positions":"main-top-1","module":null,"title":"","modname":"","idx":0}],"sectionid":1,"name":"","container":"none","layout":12,"cols":1,"padding_xl":"","padding_lg":"","padding_md":"","padding_sm":"","padding_xs":"","padding":"","margin_xl":"","margin_lg":"","margin_md":"","margin_sm":"","margin_xs":"","margin":"","extra_class":"","sticky":"","color_pattern":"","overlay_type":"","background_image":"","background_repeat":null,"background_size":null,"background_attachment":null,"background_position":null,"video_type":null,"video_id":"","file_cover":"","file_mp4":"","file_webm":"","file_ogg":"","opacity":0.5},{"contents":[{"type":"positions","name":"sidebar-l","col":3,"xl":"","lg":"","md":12,"sm":12,"xs":"","hidden_lg":"","hidden_xl":"","hidden_md":"","hidden_sm":"","hidden_xs":"","style":"JAxhtml","extra_class":"","extra_params":"","device":"xl","module":"","positions":"sidebar-l","block":"","element":"","title":"","modname":"","idx":0},{"type":"component","name":"","col":6,"xl":"","lg":"","md":"auto","sm":"","xs":"","hidden_lg":"","hidden_xl":"","hidden_md":"","hidden_sm":"","hidden_xs":"","style":"","extra_class":"","extra_params":"","device":"xl","title":"","modname":"","idx":1},{"type":"positions","name":"sidebar-r","col":3,"xl":"","lg":"","md":12,"sm":12,"xs":"","hidden_lg":"","hidden_xl":"","hidden_md":"","hidden_sm":"","hidden_xs":"","style":"JAxhtml","extra_class":"","extra_params":"","device":"xl","module":"","positions":"sidebar-r","block":"","element":"","title":"","modname":"","idx":2}],"margin_xs":"","margin_sm":"","margin_md":"","margin_lg":"","margin_xl":"","padding_xs":"","padding_sm":"","padding_md":"","padding_lg":"","padding_xl":"","type":"row","layout":"3+6+3","widths":"3+6+3","name":"Main body","container":"1","cols":"3","padding":"","margin":"","extra_class":"","sticky":"","color_pattern":"","overlay_type":"","background_image":"","background_repeat":null,"background_size":null,"background_attachment":null,"background_position":null,"video_type":null,"video_id":"","file_cover":"","file_mp4":"","file_webm":"","file_ogg":"","opacity":"0.5"},{"contents":[{"type":"positions","name":"position-4","col":12,"xl":"","lg":"","md":"","sm":"","xs":"","hidden_lg":"","hidden_xl":"","hidden_md":"","hidden_sm":"","hidden_xs":"","style":"JAxhtml","extra_class":"","extra_params":"","element":null,"block":null,"positions":"position-4","module":null,"title":"","modname":"","idx":0}],"cols":1,"sectionid":1},{"contents":[{"type":"positions","name":"main-bottom-1","col":12,"xl":"","lg":"","md":"","sm":"","xs":"","hidden_lg":"","hidden_xl":"","hidden_md":"","hidden_sm":"","hidden_xs":"","style":null,"extra_class":"","extra_params":"","modname":"","title":"","element":null,"block":null,"positions":"main-bottom-1","module":null,"idx":0}],"sectionid":1,"cols":1},{"contents":[{"type":"block","name":"footnav","col":"auto","xl":"","lg":"","md":4,"sm":6,"xs":12,"hidden_lg":"","hidden_xl":"","hidden_md":"","hidden_sm":"","hidden_xs":"","style":"JAxhtml","extra_class":"","extra_params":"","title":"","modname":"","device":"def","module":null,"positions":"footnav-1","block":"footnav","element":null,"idx":0}],"type":"row","layout":"auto","sectionid":1,"padding_xl":"","padding_lg":"","padding_md":"","padding_sm":"","padding_xs":"","margin_xl":"","margin_lg":"","margin_md":"","margin_sm":"","margin_xs":"","name":"Footnav","container":"","cols":5,"padding":"","margin":"","extra_class":"border-top","sticky":"","color_pattern":"","overlay_type":"","background_image":"","background_repeat":null,"background_size":null,"background_attachment":null,"background_position":null,"video_type":null,"video_id":"","file_cover":"","file_mp4":"","file_webm":"","file_ogg":"","opacity":0.5},{"contents":[{"type":"positions","name":"footer","col":"auto","xl":"","lg":"","md":"","sm":"","xs":"","hidden_lg":"","hidden_xl":"","hidden_md":"","hidden_sm":"","hidden_xs":"","style":"","extra_class":"","extra_params":"","device":"def","module":"","positions":"footer","block":"","element":"","title":"","modname":"","idx":0},{"type":"positions","name":"footer-r","col":3,"xl":"","lg":"","md":"","sm":"","xs":"","hidden_lg":"","hidden_xl":"","hidden_md":"","hidden_sm":"","hidden_xs":"","style":null,"extra_class":"","extra_params":"","element":null,"block":null,"positions":"footer-r","module":null,"device":"def","title":"","modname":"","idx":1}],"type":"row","layout":"auto+3","padding_xl":"","padding_lg":"","padding_md":"","padding_sm":"","padding_xs":"","margin_xl":"","margin_lg":"","margin_md":"","margin_sm":"","margin_xs":"","name":"Footer","container":1,"cols":2,"padding":"","margin":"","extra_class":"border-top","sticky":"","color_pattern":"","overlay_type":"","background_image":"","background_repeat":null,"background_size":null,"background_attachment":null,"background_position":null,"video_type":null,"video_id":"","file_cover":"","file_mp4":"","file_webm":"","file_ogg":"","opacity":0.5}],"settings":{"assets":[],"fonts":[]}}}