{"layout":{"sections":[{"contents":[{"type":"block","name":"topbar","col":"auto","xl":"","lg":"","md":"","sm":"","xs":"","hidden_lg":"","hidden_xl":"","hidden_md":"","hidden_sm":"","hidden_xs":"","style":"no","extra_class":"","extra_params":"","device":"def","title":"","modname":"","module":null,"positions":"topbar-l","block":"topbar","element":null,"idx":0}],"opacity":0.5,"file_ogg":"","file_webm":"","file_mp4":"","file_cover":"","video_id":"","video_type":null,"background_position":null,"background_attachment":null,"background_size":null,"background_repeat":null,"background_image":"","overlay_type":"","color_pattern":"","sticky":"","extra_class":"","margin":"","padding":"","cols":2,"container":"container","name":"Topbar","margin_xs":"","margin_sm":"","margin_md":"","margin_lg":"","margin_xl":"","padding_xs":"","padding_sm":"","padding_md":"","padding_lg":"","padding_xl":"","layout":"auto","sectionid":1},{"contents":[{"type":"block","name":"header-2","col":12,"xl":"","lg":"","md":"","sm":"","xs":"","hidden_lg":"","hidden_xl":"","hidden_md":"","hidden_sm":"","hidden_xs":"","style":null,"extra_class":"","extra_params":"","device":"def","title":"","modname":"","module":null,"positions":"","block":"header-2","element":null,"idx":0}],"layout":"12","type":"row","padding_xl":"","padding_lg":"","padding_md":"","padding_sm":"","padding_xs":"","margin_xl":"","margin_lg":"","margin_md":"","margin_sm":"","margin_xs":"","name":"Header","container":"none","cols":"1","padding":"","margin":"","extra_class":"border-bottom","sticky":"","color_pattern":"","overlay_type":"","background_image":"","background_repeat":"no-repeat","background_size":"cover","background_attachment":"fixed","background_position":"50% 50%","video_type":null,"video_id":"","file_cover":"","file_mp4":"","file_webm":"","file_ogg":"","opacity":"0.5"},{"contents":[{"type":"positions","name":"slideshow","col":12,"xl":"","lg":"","md":"","sm":"","xs":"","hidden_lg":"","hidden_xl":"","hidden_md":"","hidden_sm":"","hidden_xs":"","style":"raw","extra_class":"","extra_params":"","device":"def","modname":"","title":"","idx":0}],"opacity":0.5,"file_ogg":"","file_webm":"","file_mp4":"","file_cover":"","video_id":"","video_type":null,"background_position":"50% 100%","background_attachment":"fixed","background_size":"cover","background_repeat":"no-repeat","background_image":"","overlay_type":"","color_pattern":"blue","sticky":"","extra_class":"","margin":"","padding":"","cols":1,"container":"none","name":"sideshow","layout":12,"type":"row","padding_xl":"","padding_lg":"","padding_md":"","padding_sm":"","padding_xs":"","margin_xl":"","margin_lg":"","margin_md":"","margin_sm":"","margin_xs":""},{"contents":[{"type":"positions","name":"section-1","col":12,"xl":"","lg":"","md":"","sm":"","xs":"","hidden_lg":"","hidden_xl":"","hidden_md":"","hidden_sm":"","hidden_xs":"","style":"t4section","extra_class":"","extra_params":"","element":null,"block":null,"positions":"section-1","module":null,"device":"def","title":"","modname":"","idx":0}],"opacity":0.5,"file_ogg":"","file_webm":"","file_mp4":"","file_cover":"","video_id":"","video_type":null,"background_position":null,"background_attachment":null,"background_size":null,"background_repeat":null,"background_image":"","overlay_type":"","color_pattern":"","sticky":"","extra_class":"","margin":"","padding":"","cols":1,"container":"container-fluid","name":"section-1","margin_xs":"","margin_sm":"","margin_md":"","margin_lg":"","margin_xl":"","padding_xs":"","padding_sm":"","padding_md":"","padding_lg":"","padding_xl":"","layout":12,"type":"row"},{"contents":[{"type":"positions","name":"section-2","col":12,"xl":"","lg":"","md":"","sm":"","xs":"","hidden_lg":"","hidden_xl":"","hidden_md":"","hidden_sm":"","hidden_xs":"","style":"t4section","extra_class":"","extra_params":"","device":"def","modname":"","title":"","module":null,"positions":"section-2","block":null,"element":null,"idx":0}],"opacity":0.5,"file_ogg":"","file_webm":"","file_mp4":"","file_cover":"","video_id":"","video_type":null,"background_position":null,"background_attachment":null,"background_size":null,"background_repeat":null,"background_image":"","overlay_type":"","color_pattern":"","sticky":"","extra_class":" border-bottom","margin":"","padding":"","cols":1,"container":"","name":"section-2","margin_xs":"","margin_sm":"","margin_md":"","margin_lg":"","margin_xl":"","padding_xs":"","padding_sm":"","padding_md":"","padding_lg":"","padding_xl":"","layout":12,"type":"row"},{"contents":[{"type":"positions","name":"section-3","col":12,"xl":"","lg":"","md":"","sm":"","xs":"","hidden_lg":"","hidden_xl":"","hidden_md":"","hidden_sm":"","hidden_xs":"","style":"t4section","extra_class":"","extra_params":"","element":null,"block":null,"positions":"section-3","module":null,"device":"def","title":"","modname":"","idx":0}],"margin_xs":"","margin_sm":"","margin_md":"","margin_lg":"","margin_xl":"","padding_xs":"","padding_sm":"","padding_md":"","padding_lg":"","padding_xl":"","layout":12,"type":"row","name":"section-3","container":"none","cols":1,"padding":"","margin":"","extra_class":"","sticky":"","color_pattern":"","overlay_type":"","background_image":"","background_repeat":null,"background_size":null,"background_attachment":null,"background_position":null,"video_type":null,"video_id":"","file_cover":"","file_mp4":"","file_webm":"","file_ogg":"","opacity":0.5},{"contents":[{"type":"positions","name":"section-4","col":12,"xl":"","lg":"","md":"","sm":"","xs":"","hidden_lg":"","hidden_xl":"","hidden_md":"","hidden_sm":"","hidden_xs":"","style":"t4section","extra_class":"","extra_params":"","element":null,"block":null,"positions":"section-4","module":null,"title":"","modname":"","device":"def","idx":0}],"margin_xs":"","margin_sm":"","margin_md":"","margin_lg":"","margin_xl":"","padding_xs":"","padding_sm":"","padding_md":"","padding_lg":"","padding_xl":"","layout":12,"type":"row","name":"section-4","container":"none","cols":1,"padding":"","margin":"","extra_class":"","sticky":"","color_pattern":"","overlay_type":"","background_image":"","background_repeat":null,"background_size":null,"background_attachment":null,"background_position":null,"video_type":null,"video_id":"","file_cover":"","file_mp4":"","file_webm":"","file_ogg":"","opacity":0.5},{"contents":[{"type":"positions","name":"section-5","col":12,"xl":"","lg":"","md":"","sm":"","xs":"","hidden_lg":"","hidden_xl":"","hidden_md":"","hidden_sm":"","hidden_xs":"","style":"t4section","extra_class":"","extra_params":"","element":null,"block":null,"positions":"section-5","module":null,"device":"def","modname":"","title":"","idx":0}],"margin_xs":"","margin_sm":"","margin_md":"","margin_lg":"","margin_xl":"","padding_xs":"","padding_sm":"","padding_md":"","padding_lg":"","padding_xl":"","layout":12,"type":"row","name":"section-5","container":"","cols":1,"padding":"","margin":"","extra_class":"","sticky":"","color_pattern":"","overlay_type":"","background_image":"images\/demo\/misc\/wm-bg.png","background_repeat":"no-repeat","background_size":null,"background_attachment":null,"background_position":"50% 50%","video_type":null,"video_id":"","file_cover":"","file_mp4":"","file_webm":"","file_ogg":"","opacity":0.5},{"contents":[{"type":"positions","name":"section-6","col":12,"xl":"","lg":"","md":"","sm":"","xs":"","hidden_lg":"","hidden_xl":"","hidden_md":"","hidden_sm":"","hidden_xs":"","style":"t4section","extra_class":"","extra_params":"","modname":"","title":"","device":"def","module":null,"positions":"section-6","block":null,"element":null,"idx":0}],"sectionid":1,"layout":12,"padding_xl":"","padding_lg":"","padding_md":"","padding_sm":"","padding_xs":"","margin_xl":"","margin_lg":"","margin_md":"","margin_sm":"","margin_xs":"","name":"section-6","container":"","cols":1,"padding":"","margin":"","extra_class":"border-top","sticky":"","color_pattern":"","overlay_type":"","background_image":"","background_repeat":null,"background_size":null,"background_attachment":null,"background_position":null,"video_type":null,"video_id":"","file_cover":"","file_mp4":"","file_webm":"","file_ogg":"","opacity":0.5},{"contents":[{"type":"positions","name":"section-7","col":12,"xl":"","lg":"","md":"","sm":"","xs":"","hidden_lg":"","hidden_xl":"","hidden_md":"","hidden_sm":"","hidden_xs":"","style":"t4section","extra_class":"","extra_params":"","element":null,"block":null,"positions":"section-7","module":null,"modname":"","title":"","device":"def","idx":0}],"opacity":0.5,"file_ogg":"","file_webm":"","file_mp4":"","file_cover":"","video_id":"","video_type":null,"background_position":null,"background_attachment":null,"background_size":null,"background_repeat":null,"background_image":"","overlay_type":"","color_pattern":"","sticky":"","extra_class":"border-top","margin":"","padding":"","cols":1,"container":"","name":"section-7","sectionid":1,"layout":12,"padding_xl":"","padding_lg":"","padding_md":"","padding_sm":"","padding_xs":"","margin_xl":"","margin_lg":"","margin_md":"","margin_sm":"","margin_xs":""},{"contents":[{"type":"positions","name":"section-8","col":12,"xl":"","lg":"","md":"","sm":"","xs":"","hidden_lg":"","hidden_xl":"","hidden_md":"","hidden_sm":"","hidden_xs":"","style":"t4section","extra_class":"","extra_params":"","device":"def","title":"","modname":"","module":null,"positions":"section-8","block":null,"element":null,"idx":0}],"sectionid":1,"name":"section-8","container":"","layout":12,"cols":1,"padding_xl":"","padding_lg":"","padding_md":"","padding_sm":"","padding_xs":"","padding":"","margin_xl":"","margin_lg":"","margin_md":"","margin_sm":"","margin_xs":"","margin":"","extra_class":"","sticky":"","color_pattern":"","overlay_type":"","background_image":"","background_repeat":null,"background_size":null,"background_attachment":null,"background_position":null,"video_type":null,"video_id":"","file_cover":"","file_mp4":"","file_webm":"","file_ogg":"","opacity":0.5},{"contents":[{"type":"positions","name":"section-9","col":12,"xl":"","lg":"","md":"","sm":"","xs":"","hidden_lg":"","hidden_xl":"","hidden_md":"","hidden_sm":"","hidden_xs":"","style":"t4section","extra_class":"","extra_params":"","element":null,"block":null,"positions":"section-9","module":null,"device":"def","title":"","modname":"","idx":0}],"sectionid":1,"name":"section-9","container":"","layout":12,"cols":1,"padding_xl":"","padding_lg":"","padding_md":"","padding_sm":"","padding_xs":"","padding":"","margin_xl":"","margin_lg":"","margin_md":"","margin_sm":"","margin_xs":"","margin":"","extra_class":"","sticky":"","color_pattern":"","overlay_type":"","background_image":"","background_repeat":null,"background_size":null,"background_attachment":null,"background_position":null,"video_type":null,"video_id":"","file_cover":"","file_mp4":"","file_webm":"","file_ogg":"","opacity":0.5},{"contents":[{"type":"block","name":"none","col":12,"xl":"","lg":"","md":"","sm":"","xs":"","hidden_lg":"","hidden_xl":"","hidden_md":"","hidden_sm":"","hidden_xs":"","style":"","extra_class":"","extra_params":"","device":"def","title":"","modname":"","idx":0}],"sectionid":1,"name":"section-10","container":"","layout":12,"cols":1,"padding_xl":"","padding_lg":"","padding_md":"","padding_sm":"","padding_xs":"","padding":"","margin_xl":"","margin_lg":"","margin_md":"","margin_sm":"","margin_xs":"","margin":"","extra_class":"","sticky":"","color_pattern":"","overlay_type":"","background_image":"","background_repeat":null,"background_size":null,"background_attachment":null,"background_position":null,"video_type":null,"video_id":"","file_cover":"","file_mp4":"","file_webm":"","file_ogg":"","opacity":0.5},{"contents":[{"type":"block","name":"footnav","col":"auto","xl":"","lg":"","md":4,"sm":"","xs":"","hidden_lg":"","hidden_xl":"","hidden_md":"","hidden_sm":"","hidden_xs":"","style":"JAxhtml","extra_class":"","extra_params":"","device":"def","modname":"","title":"","module":null,"positions":"footnav-1","block":"footnav","element":null,"idx":0}],"margin_xs":"","margin_sm":"","margin_md":"","margin_lg":"","margin_xl":"","padding_xs":"","padding_sm":"","padding_md":"","padding_lg":"","padding_xl":"","layout":"auto","type":"row","name":"footnav","container":1,"cols":5,"padding":"","margin":"","extra_class":"","sticky":"","color_pattern":"","overlay_type":"","background_image":"","background_repeat":null,"background_size":null,"background_attachment":null,"background_position":null,"video_type":null,"video_id":"","file_cover":"","file_mp4":"","file_webm":"","file_ogg":"","opacity":0.5},{"contents":[{"type":"positions","name":"footer","col":10,"xl":"","lg":"","md":"","sm":"","xs":"","hidden_lg":"","hidden_xl":"","hidden_md":"","hidden_sm":"","hidden_xs":"","style":"raw","extra_class":"","extra_params":"","device":"def","modname":"","title":"","idx":0},{"type":"positions","name":"footer-r","col":2,"xl":"","lg":"","md":"","sm":"","xs":"","hidden_lg":"","hidden_xl":"","hidden_md":"","hidden_sm":"","hidden_xs":"","style":null,"extra_class":"","extra_params":"","device":"def","modname":"","title":"","module":null,"positions":"footer-r","block":null,"element":null,"idx":1}],"opacity":0.5,"file_ogg":"","file_webm":"","file_mp4":"","file_cover":"","video_id":"","video_type":null,"background_position":null,"background_attachment":null,"background_size":null,"background_repeat":null,"background_image":"","overlay_type":"","color_pattern":"","sticky":"","extra_class":"border-top","margin":"","padding":"","cols":1,"container":1,"name":"footer","margin_xs":"","margin_sm":"","margin_md":"","margin_lg":"","margin_xl":"","padding_xs":"","padding_sm":"","padding_md":"","padding_lg":"","padding_xl":"","layout":"10+2","type":"row"}],"settings":{"assets":[],"fonts":[]}}}