{"layout":{"sections":[{"contents":[{"type":"block","name":"topbar","col":"auto","xl":"","lg":"","md":"","sm":"","xs":"","hidden_lg":"","hidden_xl":"","hidden_md":"","hidden_sm":"","hidden_xs":"","style":null,"extra_class":"","extra_params":"","device":"def","title":"","modname":"","module":null,"positions":"topbar-l","block":"topbar","element":null,"idx":0}],"sectionid":1,"layout":"auto","padding_xl":"","padding_lg":"","padding_md":"","padding_sm":"","padding_xs":"","margin_xl":"","margin_lg":"","margin_md":"","margin_sm":"","margin_xs":"","name":"Topbar","container":"container-fluid","cols":"2","padding":"","margin":"","extra_class":"","sticky":"","color_pattern":"","overlay_type":"","background_image":"","background_repeat":null,"background_size":null,"background_attachment":null,"background_position":null,"video_type":null,"video_id":"","file_cover":"","file_mp4":"","file_webm":"","file_ogg":"","opacity":"0.5"},{"contents":[{"type":"block","name":"header-3","col":12,"xl":"","lg":"","md":"","sm":"","xs":"","hidden_lg":"","hidden_xl":"","hidden_md":"","hidden_sm":"","hidden_xs":"","style":null,"extra_class":"","extra_params":"","device":"def","title":"","modname":"","module":null,"positions":"","block":"header-3","element":null,"idx":0}],"type":"row","layout":12,"padding_xl":"","padding_lg":"","padding_md":"","padding_sm":"","padding_xs":"","margin_xl":"","margin_lg":"","margin_md":"","margin_sm":"","margin_xs":"","name":"Header","container":"none","cols":1,"padding":"","margin":"","extra_class":" border-bottom","sticky":"","color_pattern":"","overlay_type":"","background_image":"","background_repeat":"no-repeat","background_size":"cover","background_attachment":"fixed","background_position":"50% 50%","video_type":null,"video_id":"","file_cover":"","file_mp4":"","file_webm":"","file_ogg":"","opacity":0.5},{"contents":[{"type":"positions","name":"section-1","col":12,"xl":"","lg":"","md":"","sm":"","xs":"","hidden_lg":"","hidden_xl":"","hidden_md":"","hidden_sm":"","hidden_xs":"","style":"","extra_class":"fsdfsd","extra_params":"","modname":"","title":"","device":"def","idx":0}],"opacity":0.5,"file_ogg":"","file_webm":"","file_mp4":"","file_cover":"","video_id":"","video_type":null,"background_position":null,"background_attachment":null,"background_size":null,"background_repeat":null,"background_image":"","overlay_type":"","color_pattern":"","sticky":"","extra_class":"","margin":"","padding":"","cols":1,"container":"none","name":"section-1","type":"row","layout":12,"padding_xl":"","padding_lg":"","padding_md":"","padding_sm":"","padding_xs":"","margin_xl":"","margin_lg":"","margin_md":"","margin_sm":"","margin_xs":""},{"contents":[{"type":"positions","name":"section-2","col":12,"xl":"","lg":"","md":"","sm":"","xs":"","hidden_lg":"","hidden_xl":"","hidden_md":"","hidden_sm":"","hidden_xs":"","style":"t4section","extra_class":"","extra_params":"","element":null,"block":null,"positions":"section-2","module":null,"title":"","modname":"","device":"def","idx":0}],"opacity":0.5,"file_ogg":"","file_webm":"","file_mp4":"","file_cover":"","video_id":"","video_type":null,"background_position":null,"background_attachment":null,"background_size":null,"background_repeat":null,"background_image":"","overlay_type":"","color_pattern":"","sticky":"","extra_class":"bg-light sec-spacing-lg","margin":"","padding":"","cols":1,"container":"","name":"section-2","margin_xs":"","margin_sm":"","margin_md":"","margin_lg":"","margin_xl":"","padding_xs":"","padding_sm":"","padding_md":"","padding_lg":"","padding_xl":"","type":"row","layout":12},{"contents":[{"type":"positions","name":"section-3","col":12,"xl":"","lg":"","md":"","sm":"","xs":"","hidden_lg":"","hidden_xl":"","hidden_md":"","hidden_sm":"","hidden_xs":"","style":"t4section","extra_class":"","extra_params":"","device":"def","modname":"","title":"","module":null,"positions":"section-3","block":null,"element":null,"idx":0}],"type":"row","layout":12,"padding_xl":"","padding_lg":"","padding_md":"","padding_sm":"","padding_xs":"","margin_xl":"","margin_lg":"","margin_md":"","margin_sm":"","margin_xs":"","name":"section-3","container":"","cols":1,"padding":"","margin":"","extra_class":"py-md sec-spacing-lg","sticky":"","color_pattern":"","overlay_type":"","background_image":"images\/demo\/misc\/wm-bg.png","background_repeat":"no-repeat","background_size":null,"background_attachment":null,"background_position":"50% 50%","video_type":null,"video_id":"","file_cover":"","file_mp4":"","file_webm":"","file_ogg":"","opacity":0.5},{"contents":[{"type":"component","name":"component","col":"auto","xl":"","lg":"","md":12,"sm":"","xs":"","hidden_lg":"","hidden_xl":"","hidden_md":"","hidden_sm":"","hidden_xs":"","style":null,"extra_class":"","extra_params":"","device":"def","module":null,"positions":"","block":null,"element":null,"title":"","modname":"","idx":0},{"type":"positions","name":"sidebar-r","col":3,"xl":"","lg":"","md":12,"sm":"","xs":"","hidden_lg":"","hidden_xl":"","hidden_md":"","hidden_sm":"","hidden_xs":"","style":"JAxhtml","extra_class":"","extra_params":"","element":null,"block":null,"positions":"sidebar-r","module":null,"device":"def","title":"","modname":"","idx":1}],"opacity":0.5,"file_ogg":"","file_webm":"","file_mp4":"","file_cover":"","video_id":"","video_type":null,"background_position":null,"background_attachment":null,"background_size":null,"background_repeat":null,"background_image":"","overlay_type":"","color_pattern":"","sticky":"","extra_class":"","margin":"","padding":"","cols":2,"container":"","name":"Main body","margin_xs":"","margin_sm":"","margin_md":"","margin_lg":"","margin_xl":"","padding_xs":"","padding_sm":"","padding_md":"","padding_lg":"","padding_xl":"","layout":"auto+3","sectionid":1},{"contents":[{"type":"positions","name":"section-4","col":12,"xl":"","lg":"","md":"","sm":"","xs":"","hidden_lg":"","hidden_xl":"","hidden_md":"","hidden_sm":"","hidden_xs":"","style":null,"extra_class":"","extra_params":"","element":null,"block":null,"positions":"section-4","module":null,"device":"def","title":"","modname":"","idx":0}],"sectionid":1,"layout":12,"padding_xl":"","padding_lg":"","padding_md":"","padding_sm":"","padding_xs":"","margin_xl":"","margin_lg":"","margin_md":"","margin_sm":"","margin_xs":"","name":"section-4","container":"none","cols":1,"padding":"","margin":"","extra_class":"","sticky":"","color_pattern":"","overlay_type":"","background_image":"","background_repeat":null,"background_size":null,"background_attachment":null,"background_position":null,"video_type":null,"video_id":"","file_cover":"","file_mp4":"","file_webm":"","file_ogg":"","opacity":0.5},{"contents":[{"type":"positions","name":"footnav-1","col":6,"xl":"","lg":"","md":"","sm":"","xs":"","hidden_lg":"","hidden_xl":"","hidden_md":"","hidden_sm":"","hidden_xs":"","style":"JAxhtml","extra_class":" mx-auto text-center","extra_params":"","element":null,"block":null,"positions":"footnav-1","module":null,"device":"def","modname":"","title":"","idx":0}],"opacity":0.5,"file_ogg":"","file_webm":"","file_mp4":"","file_cover":"","video_id":"","video_type":null,"background_position":null,"background_attachment":null,"background_size":null,"background_repeat":null,"background_image":"","overlay_type":"","color_pattern":"dark","sticky":"","extra_class":"","margin":"","padding":"","cols":1,"container":1,"name":"footnav","margin_xs":"","margin_sm":"","margin_md":"","margin_lg":"","margin_xl":"","padding_xs":"","padding_sm":"","padding_md":"","padding_lg":"","padding_xl":"","type":"row","layout":6},{"contents":[{"type":"positions","name":"footer","col":"auto","xl":"","lg":"","md":"","sm":"","xs":"","hidden_lg":"","hidden_xl":"","hidden_md":"","hidden_sm":"","hidden_xs":"","style":"raw","extra_class":"","extra_params":"","device":"def","modname":"","title":"","idx":0}],"opacity":0.5,"file_ogg":"","file_webm":"","file_mp4":"","file_cover":"","video_id":"","video_type":null,"background_position":null,"background_attachment":null,"background_size":null,"background_repeat":null,"background_image":"","overlay_type":"","color_pattern":"dark","sticky":"","extra_class":"text-center","margin":"","padding":"","cols":1,"container":1,"name":"footer","type":"row","layout":"auto","padding_xl":"","padding_lg":"","padding_md":"","padding_sm":"","padding_xs":"","margin_xl":"","margin_lg":"","margin_md":"","margin_sm":"","margin_xs":""}],"settings":{"assets":[],"fonts":[]}}}