{"menu_type":"mainmenu","mega_settings":"{\"support\":{\"139\":{\"align\":\"left\",\"settings\":[{\"contents\":[{}]}],\"id\":true,\"type\":\"\",\"col\":\"auto\",\"name\":\"None\"},\"140\":{\"align\":\"left\",\"settings\":[{\"contents\":[{}]}],\"id\":true,\"type\":\"\",\"col\":\"auto\",\"name\":\"None\"},\"141\":{\"align\":\"left\",\"settings\":[{\"contents\":[{}]}],\"name\":\"None\",\"col\":\"auto\",\"type\":\"\",\"id\":true},\"142\":{\"align\":\"left\",\"settings\":[{\"contents\":[{}]}],\"name\":\"None\",\"col\":\"auto\",\"type\":\"\",\"id\":true},\"157\":{\"align\":\"left\",\"settings\":[{\"contents\":[{}]}],\"name\":\"None\",\"col\":\"auto\",\"type\":\"\",\"id\":true},\"164\":{\"align\":\"left\",\"settings\":[{\"contents\":[{}]}],\"name\":\"None\",\"col\":\"auto\",\"type\":\"\",\"id\":true}},\"mainmenu\":{\"101\":{\"align\":\"left\",\"settings\":[{\"contents\":[{}]}],\"id\":true,\"type\":\"\",\"col\":\"auto\",\"name\":\"None\"},\"102\":{\"align\":\"left\",\"settings\":[{\"contents\":[{}]}],\"id\":true,\"type\":\"\",\"col\":\"auto\",\"name\":\"None\"},\"103\":{\"width\":1100,\"megabuild\":1,\"align\":\"center\",\"settings\":[{\"contents\":[{\"name\":\"Selected Items\",\"type\":\"items\",\"style\":null,\"title\":\"User \",\"col\":\"auto\",\"items\":\"119,120,124,125\",\"position\":null,\"module\":null,\"uiresizable\":\"[object Object]\"},{\"name\":\"Selected Items\",\"type\":\"items\",\"style\":null,\"title\":\"Joomla! Pages\",\"col\":\"auto\",\"items\":\"121,122,123,128,127,129\",\"position\":\"\",\"module\":null,\"uiresizable\":\"[object Object]\"},{\"name\":\"Selected Items\",\"type\":\"items\",\"style\":null,\"title\":\"Template Layouts\",\"col\":\"auto\",\"items\":\"131,133,134,132\",\"position\":\"\",\"module\":null,\"uiresizable\":\"[object Object]\"},{\"name\":\"Selected Items\",\"type\":\"items\",\"style\":null,\"title\":\"Content layouts\",\"col\":\"auto\",\"uiresizable\":\"[object Object]\",\"module\":null,\"position\":\"\",\"items\":\"148,149,150,152,151\"},{\"name\":\"Selected Items\",\"type\":\"items\",\"style\":null,\"title\":\"Article Layouts\",\"col\":\"auto\",\"items\":\"160,159,162,161\",\"position\":\"\",\"module\":null,\"uiresizable\":\"[object Object]\"}]}],\"megabuild-103\":1,\"id\":true,\"type\":\"\",\"col\":\"auto\",\"name\":\"None\"},\"104\":{\"align\":\"left\",\"settings\":[{\"contents\":[{}]}],\"id\":true,\"type\":\"\",\"col\":\"auto\",\"name\":\"None\"}},\"navigate\":{\"105\":{\"align\":\"left\",\"settings\":[{\"contents\":[{}]}],\"name\":\"None\",\"col\":\"auto\",\"type\":\"\",\"id\":true},\"106\":{\"align\":\"left\",\"settings\":[{\"contents\":[{}]}],\"name\":\"None\",\"col\":\"auto\",\"type\":\"\",\"id\":true},\"107\":{\"align\":\"left\",\"settings\":[{\"contents\":[{}]}],\"id\":true},\"108\":{\"align\":\"left\",\"settings\":[{\"contents\":[{}]}],\"name\":\"None\",\"col\":\"auto\",\"type\":\"\",\"id\":true},\"146\":{\"align\":\"left\",\"settings\":[{\"contents\":[{}]}],\"name\":\"None\",\"col\":\"auto\",\"type\":\"\",\"id\":true}},\"layouts\":{\"109\":{\"align\":\"left\",\"settings\":[{\"contents\":[{}]}],\"name\":\"None\",\"col\":\"auto\",\"type\":\"\",\"id\":true},\"110\":{\"align\":\"left\",\"settings\":[{\"contents\":[{}]}],\"name\":\"None\",\"col\":\"auto\",\"type\":\"\",\"id\":true},\"111\":{\"align\":\"left\",\"settings\":[{\"contents\":[{}]}],\"name\":\"None\",\"col\":\"auto\",\"type\":\"\",\"id\":true},\"112\":{\"align\":\"left\",\"settings\":[{\"contents\":[{}]}],\"name\":\"None\",\"col\":\"auto\",\"type\":\"\",\"id\":true},\"113\":{\"align\":\"left\",\"settings\":[{\"contents\":[{}]}],\"name\":\"None\",\"col\":\"auto\",\"type\":\"\",\"id\":true}},\"useful-link\":{\"114\":{\"align\":\"left\",\"settings\":[{\"contents\":[{}]}],\"name\":\"None\",\"col\":\"auto\",\"type\":\"\",\"id\":true},\"115\":{\"align\":\"left\",\"settings\":[{\"contents\":[{}]}],\"name\":\"None\",\"col\":\"auto\",\"type\":\"\",\"id\":true},\"116\":{\"align\":\"left\",\"settings\":[{\"contents\":[{}]}],\"name\":\"None\",\"col\":\"auto\",\"type\":\"\",\"id\":true}},\"topbar-nav\":{\"153\":{\"align\":\"left\",\"settings\":[{\"contents\":[{}]}],\"id\":true,\"type\":\"\",\"col\":\"auto\",\"name\":\"None\"},\"154\":{\"align\":\"left\",\"settings\":[{\"contents\":[{}]}],\"id\":true,\"type\":\"\",\"col\":\"auto\",\"name\":\"None\"}}}","mega_effect":"slide","mega_duration":"","mega_showsm":true,"oc_enabled":true,"oc_pos_name":"off-canvas","oc_pos_style":"JAxhtml","oc_effect":"left-push","oc_menu_effect":"drill","oc_rightside":false,"oc_showlg":false,"option_breakpoint":"lg"}